TR #:,1
Comp ID:,2
Pr Setpoint:,5.00
Deadband:,0.50

Cal Info
Model:,,Gage #:,,Cal Date:,
Slope:,10846.941,Offset:,-141.782,Units:,kPa
Master Gage:,

Cal Points Taken
kPa,Amps
-10.9000,0.0121
0.0000,0.0131
20.1000,0.0149


Date/Time,# Points,Min. P,Max. P, Ave. P
10/12/2018 8:56:30 AM,1,0.095,0.095,0.095
10/12/2018 8:56:31 AM,2,0.095,0.171,0.133
10/12/2018 8:56:32 AM,3,0.095,0.261,0.176
10/12/2018 8:56:33 AM,4,0.095,0.347,0.218
10/12/2018 8:56:34 AM,5,0.095,0.434,0.262
10/12/2018 8:56:35 AM,6,0.095,0.521,0.305
10/12/2018 8:56:36 AM,7,0.095,0.607,0.348
10/12/2018 8:56:37 AM,8,0.095,0.687,0.390
10/12/2018 8:56:38 AM,9,0.095,0.771,0.433
10/12/2018 8:56:39 AM,10,0.095,0.853,0.475
10/12/2018 8:56:40 AM,11,0.095,0.934,0.517
10/12/2018 8:56:41 AM,12,0.095,1.014,0.558
10/12/2018 8:56:42 AM,13,0.095,1.090,0.599
10/12/2018 8:56:43 AM,14,0.095,1.170,0.640
10/12/2018 8:56:44 AM,15,0.095,1.247,0.680
10/12/2018 8:56:45 AM,16,0.095,1.345,0.722
10/12/2018 8:56:46 AM,17,0.095,1.495,0.767
10/12/2018 8:56:47 AM,18,0.095,1.606,0.814
10/12/2018 8:56:48 AM,19,0.095,1.705,0.861
10/12/2018 8:56:49 AM,20,0.095,1.804,0.908
10/12/2018 8:56:50 AM,21,0.095,1.896,0.955
10/12/2018 8:56:51 AM,22,0.095,1.989,1.002
10/12/2018 8:56:52 AM,23,0.095,2.081,1.049
10/12/2018 8:56:53 AM,24,0.095,2.173,1.096
10/12/2018 8:56:54 AM,25,0.095,2.267,1.143
10/12/2018 8:56:55 AM,26,0.095,2.349,1.189
10/12/2018 8:56:56 AM,27,0.095,2.440,1.235
10/12/2018 8:56:57 AM,28,0.095,2.529,1.282
10/12/2018 8:56:58 AM,29,0.095,2.617,1.328
10/12/2018 8:56:59 AM,30,0.095,2.703,1.373
10/12/2018 8:57:00 AM,31,0.095,2.791,1.419
10/12/2018 8:57:01 AM,32,0.095,2.876,1.465
10/12/2018 8:57:02 AM,33,0.095,2.958,1.510
10/12/2018 8:57:03 AM,34,0.095,3.046,1.555
10/12/2018 8:57:04 AM,35,0.095,3.128,1.600
10/12/2018 8:57:05 AM,36,0.095,3.208,1.645
10/12/2018 8:57:06 AM,37,0.095,3.289,1.689
10/12/2018 8:57:07 AM,38,0.095,3.375,1.734
10/12/2018 8:57:08 AM,39,0.095,3.454,1.778
10/12/2018 8:57:09 AM,40,0.095,3.533,1.822
10/12/2018 8:57:10 AM,41,0.095,3.617,1.865
10/12/2018 8:57:11 AM,42,0.095,3.694,1.909
10/12/2018 8:57:12 AM,43,0.095,3.777,1.952
10/12/2018 8:57:13 AM,44,0.095,3.856,1.996
10/12/2018 8:57:14 AM,45,0.095,3.934,2.039
10/12/2018 8:57:15 AM,46,0.095,4.010,2.081
10/12/2018 8:57:16 AM,47,0.095,4.091,2.124
10/12/2018 8:57:17 AM,48,0.095,4.166,2.167
10/12/2018 8:57:18 AM,49,0.095,4.243,2.209
10/12/2018 8:57:19 AM,50,0.095,4.320,2.251
10/12/2018 8:57:20 AM,51,0.095,4.398,2.293
10/12/2018 8:57:21 AM,52,0.095,4.473,2.335
10/12/2018 8:57:22 AM,53,0.095,4.551,2.377
10/12/2018 8:57:23 AM,54,0.095,4.626,2.419
10/12/2018 8:57:24 AM,55,0.095,4.701,2.460
10/12/2018 8:57:25 AM,56,0.095,4.779,2.502
10/12/2018 8:57:26 AM,57,0.095,4.854,2.543
10/12/2018 8:57:27 AM,58,0.095,4.929,2.584
10/12/2018 8:57:28 AM,59,0.095,5.005,2.625
10/12/2018 8:57:29 AM,60,0.095,5.080,2.666
10/12/2018 8:57:30 AM,61,0.095,5.080,2.705
10/12/2018 8:57:31 AM,62,0.095,5.080,2.743
10/12/2018 8:57:32 AM,63,0.095,5.080,2.779
10/12/2018 8:57:33 AM,64,0.095,5.080,2.814
10/12/2018 8:57:34 AM,65,0.095,5.080,2.847
10/12/2018 8:57:35 AM,66,0.095,5.080,2.879
10/12/2018 8:57:42 AM,0,0.000,0.000,NaN
10/12/2018 8:57:43 AM,1,4.818,4.818,4.818
10/12/2018 8:57:43 AM,2,4.437,4.818,4.627
10/12/2018 8:57:44 AM,3,4.011,4.818,4.422
10/12/2018 8:57:46 AM,4,3.595,4.818,4.215
10/12/2018 8:57:47 AM,5,3.170,4.818,4.006
10/12/2018 8:57:47 AM,6,2.783,4.818,3.802
10/12/2018 8:57:49 AM,7,2.413,4.818,3.604
10/12/2018 8:57:49 AM,8,2.028,4.818,3.407
10/12/2018 8:57:51 AM,9,1.667,4.818,3.213
10/12/2018 8:57:52 AM,10,1.300,4.818,3.022
10/12/2018 8:57:53 AM,11,0.966,4.818,2.835
10/12/2018 8:57:54 AM,12,0.639,4.818,2.652
10/12/2018 8:57:55 AM,13,0.323,4.818,2.473
10/12/2018 8:57:56 AM,14,0.001,4.818,2.296
10/12/2018 8:57:57 AM,15,-0.299,4.818,2.123
10/12/2018 8:57:58 AM,16,-0.589,4.818,1.954
10/12/2018 8:57:59 AM,17,-0.881,4.818,1.787
10/12/2018 8:57:59 AM,18,-1.154,4.818,1.624
10/12/2018 8:58:01 AM,19,-1.419,4.818,1.464
10/12/2018 8:58:02 AM,20,-1.685,4.818,1.306
10/12/2018 8:58:03 AM,21,-1.936,4.818,1.152
10/12/2018 8:58:04 AM,22,-2.181,4.818,1.000
10/12/2018 8:58:05 AM,23,-2.427,4.818,0.851
10/12/2018 8:58:06 AM,24,-2.654,4.818,0.705
10/12/2018 8:58:07 AM,25,-2.876,4.818,0.562
10/12/2018 8:58:08 AM,26,-3.103,4.818,0.421
10/12/2018 8:58:09 AM,27,-3.310,4.818,0.283
10/12/2018 8:58:10 AM,28,-3.526,4.818,0.147
10/12/2018 8:58:11 AM,29,-3.723,4.818,0.013
10/12/2018 8:58:12 AM,30,-3.927,4.818,-0.118
10/12/2018 8:58:13 AM,31,-4.115,4.818,-0.247
10/12/2018 8:58:13 AM,32,-4.304,4.818,-0.374
10/12/2018 8:58:15 AM,33,-4.484,4.818,-0.498
10/12/2018 8:58:16 AM,34,-4.671,4.818,-0.621
10/12/2018 8:58:17 AM,35,-4.841,4.818,-0.742
10/12/2018 8:58:18 AM,36,-5.010,4.818,-0.860
10/12/2018 8:58:19 AM,37,-5.182,4.818,-0.977
10/12/2018 8:58:20 AM,38,-5.182,4.818,-1.087
10/12/2018 8:58:21 AM,39,-5.182,4.818,-1.189
10/12/2018 8:58:22 AM,40,-5.182,4.818,-1.285
10/12/2018 8:58:23 AM,41,-5.182,4.818,-1.375
10/12/2018 8:58:24 AM,42,-5.182,4.818,-1.459
10/12/2018 8:58:25 AM,43,-5.182,4.818,-1.537
10/12/2018 8:58:25 AM,44,-5.182,4.818,-1.611
10/12/2018 8:58:27 AM,45,-5.182,4.818,-1.681
10/12/2018 8:58:28 AM,46,-5.182,4.818,-1.747
10/12/2018 8:58:29 AM,47,-5.182,4.818,-1.809
10/12/2018 8:58:30 AM,48,-5.182,4.818,-1.867
10/12/2018 8:58:30 AM,49,-5.182,4.818,-1.923
10/12/2018 8:58:32 AM,50,-5.182,4.818,-1.975
10/12/2018 8:58:33 AM,51,-5.182,4.818,-2.025
10/12/2018 8:58:33 AM,52,-5.182,4.818,-2.072
10/12/2018 8:58:34 AM,53,-5.182,4.818,-2.121
10/12/2018 8:58:36 AM,54,-5.182,4.818,-2.172
10/12/2018 8:58:37 AM,55,-5.182,4.818,-2.226
10/12/2018 8:58:38 AM,56,-5.305,4.818,-2.281
10/12/2018 8:58:38 AM,57,-5.313,4.818,-2.334
10/12/2018 8:58:40 AM,58,-5.313,4.818,-2.385
10/12/2018 8:58:41 AM,59,-5.313,4.818,-2.433
10/12/2018 8:58:42 AM,60,-5.313,4.818,-2.480
10/12/2018 8:58:43 AM,61,-5.313,4.818,-2.524
10/12/2018 8:58:44 AM,62,-5.313,4.818,-2.566
10/12/2018 8:58:45 AM,63,-5.313,4.818,-2.607
10/12/2018 8:58:46 AM,64,-5.313,4.818,-2.646
10/12/2018 8:58:47 AM,65,-5.313,4.818,-2.684
10/12/2018 8:58:48 AM,66,-5.313,4.818,-2.720
10/12/2018 8:58:49 AM,67,-5.313,4.818,-2.755
10/12/2018 8:58:50 AM,68,-5.313,4.818,-2.788
10/12/2018 8:58:51 AM,69,-5.313,4.818,-2.820
10/12/2018 8:58:51 AM,70,-5.313,4.818,-2.851
10/12/2018 8:58:53 AM,71,-5.313,4.818,-2.881
10/12/2018 8:58:54 AM,72,-5.313,4.818,-2.910
10/12/2018 8:58:55 AM,73,-5.313,4.818,-2.938
10/12/2018 8:58:56 AM,74,-5.313,4.818,-2.964
10/12/2018 8:58:57 AM,75,-5.313,4.818,-2.990
10/12/2018 8:58:58 AM,76,-5.313,4.818,-3.016
10/12/2018 8:58:59 AM,77,-5.313,4.818,-3.040
10/12/2018 8:59:00 AM,78,-5.313,4.818,-3.064
10/12/2018 8:59:01 AM,79,-5.313,4.818,-3.086
10/12/2018 8:59:01 AM,80,-5.313,4.818,-3.109
10/12/2018 8:59:03 AM,81,-5.313,4.818,-3.130
10/12/2018 8:59:04 AM,82,-5.313,4.818,-3.151
10/12/2018 8:59:04 AM,83,-5.313,4.818,-3.171
10/12/2018 8:59:06 AM,84,-5.313,4.818,-3.191
10/12/2018 8:59:07 AM,85,-5.313,4.818,-3.210
10/12/2018 8:59:08 AM,86,-5.313,4.818,-3.228
10/12/2018 8:59:09 AM,87,-5.313,4.818,-3.246
10/12/2018 8:59:10 AM,88,-5.313,4.818,-3.264
10/12/2018 8:59:11 AM,89,-5.313,4.818,-3.281
10/12/2018 8:59:12 AM,90,-5.313,4.818,-3.298
10/12/2018 8:59:13 AM,91,-5.313,4.818,-3.314
10/12/2018 8:59:14 AM,92,-5.313,4.818,-3.330
10/12/2018 8:59:15 AM,93,-5.313,4.818,-3.345
10/12/2018 8:59:16 AM,94,-5.313,4.818,-3.360
10/12/2018 8:59:16 AM,95,-5.313,4.818,-3.375
10/12/2018 8:59:18 AM,96,-5.313,4.818,-3.389
10/12/2018 8:59:19 AM,97,-5.313,4.818,-3.403
10/12/2018 8:59:20 AM,98,-5.313,4.818,-3.417
10/12/2018 8:59:21 AM,99,-5.313,4.818,-3.430
10/12/2018 8:59:21 AM,100,-5.313,4.818,-3.443
10/12/2018 8:59:22 AM,101,-5.313,4.818,-3.456
10/12/2018 8:59:24 AM,102,-5.313,4.818,-3.468
10/12/2018 8:59:25 AM,103,-5.313,4.818,-3.480
10/12/2018 8:59:26 AM,104,-5.313,4.818,-3.492
10/12/2018 8:59:27 AM,105,-5.313,4.818,-3.504
10/12/2018 8:59:28 AM,106,-5.313,4.818,-3.515
10/12/2018 8:59:29 AM,107,-5.313,4.818,-3.526
10/12/2018 8:59:30 AM,108,-5.313,4.818,-3.537
10/12/2018 8:59:31 AM,109,-5.313,4.818,-3.548
10/12/2018 8:59:32 AM,110,-5.313,4.818,-3.558
10/12/2018 8:59:33 AM,111,-5.313,4.818,-3.569
10/12/2018 8:59:34 AM,112,-5.313,4.818,-3.579
10/12/2018 8:59:35 AM,113,-5.313,4.818,-3.588
10/12/2018 8:59:36 AM,114,-5.313,4.818,-3.598
10/12/2018 8:59:37 AM,115,-5.313,4.818,-3.608
10/12/2018 8:59:38 AM,116,-5.313,4.818,-3.617
10/12/2018 8:59:39 AM,117,-5.313,4.818,-3.626
10/12/2018 8:59:39 AM,118,-5.313,4.818,-3.635
10/12/2018 8:59:41 AM,119,-5.313,4.818,-3.644
10/12/2018 8:59:42 AM,120,-5.313,4.818,-3.652
10/12/2018 8:59:43 AM,121,-5.313,4.818,-3.661
10/12/2018 8:59:44 AM,122,-5.313,4.818,-3.669
10/12/2018 8:59:45 AM,123,-5.313,4.818,-3.677
10/12/2018 8:59:46 AM,124,-5.313,4.818,-3.685
10/12/2018 8:59:46 AM,125,-5.313,4.818,-3.693
10/12/2018 8:59:48 AM,126,-5.313,4.818,-3.701
10/12/2018 9:00:26 AM,164,-5.313,4.818,-3.920
10/12/2018 9:00:27 AM,165,-5.313,4.818,-3.925
10/12/2018 9:00:28 AM,166,-5.313,4.818,-3.929
10/12/2018 9:00:29 AM,167,-5.313,4.818,-3.934
10/12/2018 9:00:30 AM,168,-5.313,4.818,-3.938
10/12/2018 9:00:31 AM,169,-5.313,4.818,-3.942
10/12/2018 9:00:32 AM,170,-5.313,4.818,-3.947
10/12/2018 9:00:33 AM,171,-5.313,4.818,-3.951
10/12/2018 9:00:34 AM,172,-5.313,4.818,-3.955
10/12/2018 9:00:35 AM,173,-5.313,4.818,-3.960
10/12/2018 9:00:36 AM,174,-5.313,4.818,-3.964
10/12/2018 9:00:36 AM,175,-5.313,4.818,-3.968
10/12/2018 9:00:38 AM,176,-5.313,4.818,-3.972
10/12/2018 9:00:39 AM,177,-5.313,4.818,-3.976
10/12/2018 9:00:40 AM,178,-5.313,4.818,-3.981
10/12/2018 9:00:41 AM,179,-5.313,4.818,-3.985
10/12/2018 9:00:42 AM,180,-5.313,4.818,-3.989
10/12/2018 9:00:43 AM,181,-5.313,4.818,-3.993
10/12/2018 9:00:44 AM,182,-5.313,4.818,-3.997
10/12/2018 9:00:44 AM,183,-5.313,4.818,-4.001
10/12/2018 9:00:46 AM,184,-5.313,4.818,-4.005
10/12/2018 9:00:47 AM,185,-5.313,4.818,-4.008
10/12/2018 9:00:48 AM,186,-5.313,4.818,-4.011
10/12/2018 9:00:49 AM,187,-5.313,4.818,-4.012
10/12/2018 9:00:49 AM,188,-5.313,4.818,-4.013
10/12/2018 9:00:51 AM,189,-5.313,4.818,-4.012
10/12/2018 9:00:52 AM,190,-5.313,4.818,-4.011
10/12/2018 9:00:53 AM,191,-5.313,4.818,-4.008
10/12/2018 9:00:54 AM,192,-5.313,4.818,-4.005
10/12/2018 9:00:55 AM,193,-5.313,4.818,-4.001
10/12/2018 9:00:56 AM,194,-5.313,4.818,-3.997
10/12/2018 9:00:57 AM,195,-5.313,4.818,-3.991
10/12/2018 9:00:57 AM,196,-5.313,4.818,-3.986
10/12/2018 9:00:58 AM,197,-5.313,4.818,-3.980
10/12/2018 9:00:59 AM,198,-5.313,4.818,-3.974
10/12/2018 9:01:01 AM,199,-5.313,4.818,-3.969
10/12/2018 9:01:02 AM,200,-5.313,4.818,-3.963
10/12/2018 9:01:02 AM,201,-5.313,4.818,-3.958
10/12/2018 9:01:04 AM,202,-5.313,4.818,-3.953
10/12/2018 9:01:05 AM,203,-5.313,4.818,-3.948
10/12/2018 9:01:06 AM,204,-5.313,4.818,-3.944
10/12/2018 9:01:07 AM,205,-5.313,4.818,-3.939
10/12/2018 9:01:08 AM,206,-5.313,4.818,-3.934
10/12/2018 9:01:09 AM,207,-5.313,4.818,-3.930
10/12/2018 9:01:10 AM,208,-5.313,4.818,-3.926
10/12/2018 9:01:11 AM,209,-5.313,4.818,-3.922
10/12/2018 9:01:12 AM,210,-5.313,4.818,-3.918
10/12/2018 9:01:13 AM,211,-5.313,4.818,-3.914
10/12/2018 9:01:14 AM,212,-5.313,4.818,-3.910
10/12/2018 9:01:15 AM,213,-5.313,4.818,-3.906
10/12/2018 9:01:16 AM,214,-5.313,4.818,-3.903
10/12/2018 9:01:17 AM,215,-5.313,4.818,-3.899
10/12/2018 9:01:18 AM,216,-5.313,4.818,-3.896
10/12/2018 9:01:18 AM,217,-5.313,4.818,-3.893
10/12/2018 9:01:20 AM,218,-5.313,4.818,-3.889
10/12/2018 9:01:21 AM,219,-5.313,4.818,-3.886
10/12/2018 9:01:21 AM,220,-5.313,4.818,-3.883
10/12/2018 9:01:22 AM,221,-5.313,4.818,-3.880
10/12/2018 9:01:24 AM,222,-5.313,4.818,-3.877
10/12/2018 9:01:25 AM,223,-5.313,4.818,-3.874
10/12/2018 9:01:26 AM,224,-5.313,4.818,-3.872
10/12/2018 9:01:27 AM,225,-5.313,4.818,-3.869
10/12/2018 9:01:28 AM,226,-5.313,4.818,-3.866
10/12/2018 9:01:29 AM,227,-5.313,4.818,-3.864
10/12/2018 9:01:29 AM,228,-5.313,4.818,-3.861
10/12/2018 9:01:31 AM,229,-5.313,4.818,-3.859
10/12/2018 9:01:32 AM,230,-5.313,4.818,-3.856
10/12/2018 9:01:33 AM,231,-5.313,4.818,-3.854
10/12/2018 9:01:34 AM,232,-5.313,4.818,-3.852
10/12/2018 9:01:35 AM,233,-5.313,4.818,-3.850
10/12/2018 9:01:36 AM,234,-5.313,4.818,-3.847
10/12/2018 9:01:37 AM,235,-5.313,4.818,-3.845
10/12/2018 9:01:38 AM,236,-5.313,4.818,-3.843
10/12/2018 9:01:39 AM,237,-5.313,4.818,-3.841
10/12/2018 9:01:40 AM,238,-5.313,4.818,-3.839
10/12/2018 9:01:41 AM,239,-5.313,4.818,-3.837
10/12/2018 9:01:42 AM,240,-5.313,4.818,-3.836
10/12/2018 9:01:43 AM,241,-5.313,4.818,-3.834
10/12/2018 9:01:44 AM,242,-5.313,4.818,-3.832
10/12/2018 9:01:45 AM,243,-5.313,4.818,-3.830
10/12/2018 9:01:45 AM,244,-5.313,4.818,-3.829
10/12/2018 9:01:47 AM,245,-5.313,4.818,-3.827
10/12/2018 9:01:48 AM,246,-5.313,4.818,-3.826
10/12/2018 9:01:49 AM,247,-5.313,4.818,-3.824
10/12/2018 9:01:50 AM,248,-5.313,4.818,-3.823
10/12/2018 9:01:50 AM,249,-5.313,4.818,-3.821
10/12/2018 9:01:52 AM,250,-5.313,4.818,-3.820
10/12/2018 9:01:53 AM,251,-5.313,4.818,-3.819
10/12/2018 9:01:54 AM,252,-5.313,4.818,-3.817
10/12/2018 9:01:55 AM,253,-5.313,4.818,-3.816
10/12/2018 9:01:55 AM,254,-5.313,4.818,-3.814
10/12/2018 9:01:57 AM,255,-5.313,4.818,-3.812
10/12/2018 9:01:58 AM,256,-5.313,4.818,-3.809
10/12/2018 9:01:59 AM,257,-5.313,4.818,-3.806
10/12/2018 9:02:00 AM,258,-5.313,4.818,-3.802
10/12/2018 9:02:01 AM,259,-5.313,4.818,-3.799
10/12/2018 9:02:01 AM,260,-5.313,4.818,-3.795
10/12/2018 9:02:03 AM,261,-5.313,4.818,-3.792
10/12/2018 9:02:04 AM,262,-5.313,4.818,-3.789
10/12/2018 9:02:05 AM,263,-5.313,4.818,-3.786
10/12/2018 9:02:06 AM,264,-5.313,4.818,-3.783
10/12/2018 9:02:07 AM,265,-5.313,4.818,-3.780
10/12/2018 9:02:08 AM,266,-5.313,4.818,-3.777
10/12/2018 9:02:09 AM,267,-5.313,4.818,-3.774
10/12/2018 9:02:09 AM,268,-5.313,4.818,-3.771
10/12/2018 9:02:11 AM,269,-5.313,4.818,-3.769
10/12/2018 9:02:11 AM,270,-5.313,4.818,-3.766
10/12/2018 9:02:13 AM,271,-5.313,4.818,-3.764
10/12/2018 9:02:14 AM,272,-5.313,4.818,-3.761
10/12/2018 9:02:15 AM,273,-5.313,4.818,-3.759
10/12/2018 9:02:16 AM,274,-5.313,4.818,-3.756
10/12/2018 9:02:17 AM,275,-5.313,4.818,-3.754
10/12/2018 9:02:18 AM,276,-5.313,4.818,-3.752
10/12/2018 9:02:18 AM,277,-5.313,4.818,-3.749
10/12/2018 9:02:20 AM,278,-5.313,4.818,-3.747
10/12/2018 9:02:21 AM,279,-5.313,4.818,-3.745
10/12/2018 9:02:22 AM,280,-5.313,4.818,-3.743
10/12/2018 9:02:23 AM,281,-5.313,4.818,-3.741
10/12/2018 9:02:23 AM,282,-5.313,4.818,-3.739
10/12/2018 9:02:25 AM,283,-5.313,4.818,-3.737
10/12/2018 9:02:26 AM,284,-5.313,4.818,-3.735
10/12/2018 9:02:27 AM,285,-5.313,4.818,-3.734
10/12/2018 9:02:27 AM,286,-5.313,4.818,-3.732
10/12/2018 9:02:29 AM,287,-5.313,4.818,-3.730
10/12/2018 9:02:30 AM,288,-5.313,4.818,-3.728
10/12/2018 9:02:31 AM,289,-5.313,4.818,-3.727
10/12/2018 9:02:32 AM,290,-5.313,4.818,-3.725
10/12/2018 9:02:33 AM,291,-5.313,4.818,-3.724
10/12/2018 9:02:34 AM,292,-5.313,4.818,-3.722
10/12/2018 9:02:35 AM,293,-5.313,4.818,-3.721
10/12/2018 9:02:35 AM,294,-5.313,4.818,-3.719
10/12/2018 9:02:37 AM,295,-5.313,4.818,-3.718
10/12/2018 9:02:38 AM,296,-5.313,4.818,-3.717
10/12/2018 9:02:39 AM,297,-5.313,4.818,-3.715
10/12/2018 9:02:40 AM,298,-5.313,4.818,-3.714
10/12/2018 9:02:41 AM,299,-5.313,4.818,-3.713
10/12/2018 9:02:41 AM,300,-5.313,4.818,-3.712
10/12/2018 9:02:43 AM,301,-5.313,4.818,-3.711
10/12/2018 9:02:44 AM,302,-5.313,4.818,-3.709
10/12/2018 9:02:45 AM,303,-5.313,4.818,-3.708
10/12/2018 9:02:46 AM,304,-5.313,4.818,-3.707
10/12/2018 9:02:46 AM,305,-5.313,4.818,-3.706
10/12/2018 9:02:48 AM,306,-5.313,4.818,-3.705
10/12/2018 9:02:49 AM,307,-5.313,4.818,-3.705
10/12/2018 9:02:50 AM,308,-5.313,4.818,-3.704
10/12/2018 9:02:51 AM,309,-5.313,4.818,-3.703
10/12/2018 9:02:51 AM,310,-5.313,4.818,-3.702
10/12/2018 9:02:53 AM,311,-5.313,4.818,-3.701
10/12/2018 9:02:54 AM,312,-5.313,4.818,-3.701
10/12/2018 9:02:54 AM,313,-5.313,4.818,-3.700
10/12/2018 9:02:56 AM,314,-5.313,4.818,-3.699
10/12/2018 9:02:57 AM,315,-5.313,4.818,-3.699
10/12/2018 9:02:58 AM,316,-5.313,4.818,-3.698
10/12/2018 9:02:59 AM,317,-5.313,4.818,-3.696
10/12/2018 9:03:00 AM,318,-5.313,4.818,-3.694
10/12/2018 9:03:01 AM,319,-5.313,4.818,-3.692
10/12/2018 9:03:01 AM,320,-5.313,4.818,-3.689
10/12/2018 9:03:03 AM,321,-5.313,4.818,-3.687
10/12/2018 9:03:04 AM,322,-5.313,4.818,-3.685
10/12/2018 9:03:05 AM,323,-5.313,4.818,-3.683
10/12/2018 9:03:06 AM,324,-5.313,4.818,-3.680
10/12/2018 9:03:07 AM,325,-5.313,4.818,-3.678
10/12/2018 9:03:08 AM,326,-5.313,4.818,-3.676
10/12/2018 9:03:09 AM,327,-5.313,4.818,-3.674
10/12/2018 9:03:10 AM,328,-5.313,4.818,-3.672
10/12/2018 9:03:11 AM,329,-5.313,4.818,-3.671
10/12/2018 9:03:12 AM,330,-5.313,4.818,-3.669
10/12/2018 9:03:13 AM,331,-5.313,4.818,-3.667
10/12/2018 9:03:14 AM,332,-5.313,4.818,-3.665
10/12/2018 9:03:15 AM,333,-5.313,4.818,-3.664
10/12/2018 9:03:16 AM,334,-5.313,4.818,-3.662
10/12/2018 9:03:16 AM,335,-5.313,4.818,-3.661
10/12/2018 9:03:18 AM,336,-5.313,4.818,-3.659
10/12/2018 9:03:19 AM,337,-5.313,4.818,-3.658
10/12/2018 9:03:20 AM,338,-5.313,4.818,-3.656
10/12/2018 9:03:21 AM,339,-5.313,4.818,-3.655
10/12/2018 9:03:22 AM,340,-5.313,4.818,-3.654
10/12/2018 9:03:23 AM,341,-5.313,4.818,-3.652
10/12/2018 9:03:24 AM,342,-5.313,4.818,-3.651
10/12/2018 9:03:25 AM,343,-5.313,4.818,-3.650
10/12/2018 9:03:26 AM,344,-5.313,4.818,-3.649
10/12/2018 9:03:26 AM,345,-5.313,4.818,-3.648
10/12/2018 9:03:28 AM,346,-5.313,4.818,-3.646
10/12/2018 9:03:29 AM,347,-5.313,4.818,-3.645
10/12/2018 9:03:30 AM,348,-5.313,4.818,-3.644
10/12/2018 9:03:31 AM,349,-5.313,4.818,-3.643
10/12/2018 9:03:32 AM,350,-5.313,4.818,-3.643
10/12/2018 9:03:32 AM,351,-5.313,4.818,-3.642
10/12/2018 9:03:34 AM,352,-5.313,4.818,-3.641
10/12/2018 9:03:35 AM,353,-5.313,4.818,-3.640
10/12/2018 9:03:36 AM,354,-5.313,4.818,-3.639
10/12/2018 9:03:37 AM,355,-5.313,4.818,-3.638
10/12/2018 9:03:38 AM,356,-5.313,4.818,-3.638
10/12/2018 9:03:38 AM,357,-5.313,4.818,-3.637
10/12/2018 9:03:40 AM,358,-5.313,4.818,-3.636
10/12/2018 9:03:41 AM,359,-5.313,4.818,-3.636
10/12/2018 9:03:42 AM,360,-5.313,4.818,-3.635
10/12/2018 9:03:42 AM,361,-5.313,4.818,-3.635
10/12/2018 9:03:44 AM,362,-5.313,4.818,-3.634
10/12/2018 9:03:45 AM,363,-5.313,4.818,-3.634
10/12/2018 9:03:46 AM,364,-5.313,4.818,-3.633
10/12/2018 9:03:47 AM,365,-5.313,4.818,-3.633
10/12/2018 9:03:47 AM,366,-5.313,4.818,-3.632
10/12/2018 9:03:49 AM,367,-5.313,4.818,-3.632
10/12/2018 9:03:50 AM,368,-5.313,4.818,-3.632
10/12/2018 9:03:51 AM,369,-5.313,4.818,-3.631
10/12/2018 9:03:52 AM,370,-5.313,4.818,-3.630
10/12/2018 9:03:53 AM,371,-5.313,4.818,-3.628
10/12/2018 9:03:54 AM,372,-5.313,4.818,-3.627
10/12/2018 9:03:55 AM,373,-5.313,4.818,-3.624
10/12/2018 9:03:56 AM,374,-5.313,4.818,-3.622
10/12/2018 9:03:56 AM,375,-5.313,4.818,-3.620
10/12/2018 9:03:57 AM,376,-5.313,4.818,-3.618
10/12/2018 9:03:59 AM,377,-5.313,4.818,-3.616
10/12/2018 9:03:59 AM,378,-5.313,4.818,-3.614
10/12/2018 9:04:01 AM,379,-5.313,4.818,-3.613
10/12/2018 9:04:02 AM,380,-5.313,4.818,-3.611
10/12/2018 9:04:03 AM,381,-5.313,4.818,-3.609
10/12/2018 9:04:04 AM,382,-5.313,4.818,-3.607
10/12/2018 9:04:04 AM,383,-5.313,4.818,-3.606
10/12/2018 9:04:05 AM,384,-5.313,4.818,-3.604
10/12/2018 9:04:06 AM,385,-5.313,4.818,-3.603
10/12/2018 9:04:07 AM,386,-5.313,4.818,-3.601
10/12/2018 9:04:09 AM,387,-5.313,4.818,-3.600
10/12/2018 9:04:10 AM,388,-5.313,4.818,-3.598
10/12/2018 9:04:11 AM,389,-5.313,4.818,-3.597
10/12/2018 9:04:12 AM,390,-5.313,4.818,-3.596
10/12/2018 9:04:13 AM,391,-5.313,4.818,-3.595
10/12/2018 9:04:14 AM,392,-5.313,4.818,-3.593
10/12/2018 9:04:15 AM,393,-5.313,4.818,-3.592
10/12/2018 9:04:16 AM,394,-5.313,4.818,-3.591
10/12/2018 9:04:17 AM,395,-5.313,4.818,-3.590
10/12/2018 9:04:18 AM,396,-5.313,4.818,-3.589
10/12/2018 9:04:19 AM,397,-5.313,4.818,-3.588
10/12/2018 9:04:20 AM,398,-5.313,4.818,-3.587
10/12/2018 9:04:21 AM,399,-5.313,4.818,-3.586
10/12/2018 9:04:22 AM,400,-5.313,4.818,-3.585
10/12/2018 9:04:23 AM,401,-5.313,4.818,-3.584
10/12/2018 9:04:23 AM,402,-5.313,4.818,-3.583
10/12/2018 9:04:24 AM,403,-5.313,4.818,-3.582
10/12/2018 9:04:26 AM,404,-5.313,4.818,-3.582
10/12/2018 9:04:27 AM,405,-5.313,4.818,-3.581
10/12/2018 9:04:28 AM,406,-5.313,4.818,-3.580
10/12/2018 9:04:29 AM,407,-5.313,4.818,-3.579
10/12/2018 9:04:29 AM,408,-5.313,4.818,-3.579
10/12/2018 9:04:31 AM,409,-5.313,4.818,-3.578
10/12/2018 9:04:32 AM,410,-5.313,4.818,-3.578
10/12/2018 9:04:32 AM,411,-5.313,4.818,-3.577
10/12/2018 9:04:34 AM,412,-5.313,4.818,-3.577
10/12/2018 9:04:35 AM,413,-5.313,4.818,-3.576
10/12/2018 9:04:36 AM,414,-5.313,4.818,-3.576
10/12/2018 9:04:37 AM,415,-5.313,4.818,-3.575
10/12/2018 9:04:38 AM,416,-5.313,4.818,-3.575
10/12/2018 9:04:38 AM,417,-5.313,4.818,-3.574
10/12/2018 9:04:40 AM,418,-5.313,4.818,-3.574
10/12/2018 9:04:41 AM,419,-5.313,4.818,-3.574
10/12/2018 9:04:42 AM,420,-5.313,4.818,-3.573
10/12/2018 9:04:43 AM,421,-5.313,4.818,-3.573
10/12/2018 9:04:44 AM,422,-5.313,4.818,-3.573
10/12/2018 9:04:45 AM,423,-5.313,4.818,-3.572
10/12/2018 9:04:46 AM,424,-5.313,4.818,-3.572
10/12/2018 9:04:47 AM,425,-5.313,4.818,-3.572
10/12/2018 9:04:48 AM,426,-5.313,4.818,-3.572
10/12/2018 9:04:49 AM,427,-5.313,4.818,-3.572
10/12/2018 9:04:50 AM,428,-5.313,4.818,-3.572
10/12/2018 9:04:51 AM,429,-5.313,4.818,-3.571
10/12/2018 9:04:52 AM,430,-5.313,4.818,-3.570
10/12/2018 9:04:53 AM,431,-5.313,4.818,-3.569
10/12/2018 9:04:54 AM,432,-5.313,4.818,-3.568
10/12/2018 9:04:55 AM,433,-5.313,4.818,-3.566
10/12/2018 9:04:55 AM,434,-5.313,4.818,-3.564
10/12/2018 9:04:57 AM,435,-5.313,4.818,-3.562
10/12/2018 9:04:58 AM,436,-5.313,4.818,-3.561
10/12/2018 9:04:59 AM,437,-5.313,4.818,-3.559
10/12/2018 9:05:00 AM,438,-5.313,4.818,-3.557
10/12/2018 9:05:01 AM,439,-5.313,4.818,-3.556
10/12/2018 9:05:02 AM,440,-5.313,4.818,-3.554
10/12/2018 9:05:03 AM,441,-5.313,4.818,-3.553
10/12/2018 9:05:04 AM,442,-5.313,4.818,-3.551
10/12/2018 9:05:05 AM,443,-5.313,4.818,-3.550
10/12/2018 9:05:05 AM,444,-5.313,4.818,-3.548
10/12/2018 9:05:07 AM,445,-5.313,4.818,-3.547
10/12/2018 9:05:08 AM,446,-5.313,4.818,-3.546
10/12/2018 9:05:09 AM,447,-5.313,4.818,-3.544
10/12/2018 9:05:10 AM,448,-5.313,4.818,-3.543
10/12/2018 9:05:11 AM,449,-5.313,4.818,-3.542
10/12/2018 9:05:11 AM,450,-5.313,4.818,-3.540
10/12/2018 9:05:13 AM,451,-5.313,4.818,-3.539
10/12/2018 9:05:14 AM,452,-5.313,4.818,-3.538
10/12/2018 9:05:15 AM,453,-5.313,4.818,-3.537
10/12/2018 9:05:16 AM,454,-5.313,4.818,-3.535
10/12/2018 9:05:17 AM,455,-5.313,4.818,-3.534
10/12/2018 9:05:18 AM,456,-5.313,4.818,-3.533
10/12/2018 9:05:19 AM,457,-5.313,4.818,-3.532
10/12/2018 9:05:20 AM,458,-5.313,4.818,-3.531
10/12/2018 9:05:21 AM,459,-5.313,4.818,-3.530
10/12/2018 9:05:22 AM,460,-5.313,4.818,-3.529
10/12/2018 9:05:23 AM,461,-5.313,4.818,-3.527
10/12/2018 9:05:24 AM,462,-5.313,4.818,-3.526
10/12/2018 9:05:25 AM,463,-5.313,4.818,-3.525
10/12/2018 9:05:26 AM,464,-5.313,4.818,-3.524
10/12/2018 9:05:27 AM,465,-5.313,4.818,-3.523
10/12/2018 9:05:28 AM,466,-5.313,4.818,-3.522
10/12/2018 9:05:29 AM,467,-5.313,4.818,-3.521
10/12/2018 9:05:30 AM,468,-5.313,4.818,-3.520
10/12/2018 9:05:31 AM,469,-5.313,4.818,-3.519
10/12/2018 9:05:32 AM,470,-5.313,4.818,-3.518
10/12/2018 9:05:33 AM,471,-5.313,4.818,-3.517
10/12/2018 9:05:34 AM,472,-5.313,4.818,-3.516
10/12/2018 9:05:35 AM,473,-5.313,4.818,-3.515
10/12/2018 9:05:36 AM,474,-5.313,4.818,-3.514
10/12/2018 9:05:37 AM,475,-5.313,4.818,-3.513
10/12/2018 9:05:38 AM,476,-5.313,4.818,-3.512
10/12/2018 9:05:39 AM,477,-5.313,4.818,-3.512
10/12/2018 9:05:40 AM,478,-5.313,4.818,-3.511
10/12/2018 9:05:41 AM,479,-5.313,4.818,-3.510
10/12/2018 9:05:42 AM,480,-5.313,4.818,-3.509
10/12/2018 9:05:43 AM,481,-5.313,4.818,-3.508
10/12/2018 9:05:44 AM,482,-5.313,4.818,-3.507
10/12/2018 9:05:45 AM,483,-5.313,4.818,-3.506
10/12/2018 9:05:46 AM,484,-5.313,4.818,-3.505
10/12/2018 9:05:47 AM,485,-5.313,4.818,-3.505
10/12/2018 9:05:48 AM,486,-5.313,4.818,-3.504
10/12/2018 9:05:49 AM,487,-5.313,4.818,-3.503
10/12/2018 9:05:50 AM,488,-5.313,4.818,-3.502
10/12/2018 9:05:51 AM,489,-5.313,4.818,-3.501
10/12/2018 9:05:52 AM,490,-5.313,4.818,-3.500
10/12/2018 9:05:52 AM,491,-5.313,4.818,-3.500
10/12/2018 9:05:54 AM,492,-5.313,4.818,-3.499
10/12/2018 9:05:55 AM,493,-5.313,4.818,-3.498
10/12/2018 9:05:56 AM,494,-5.313,4.818,-3.497
10/12/2018 9:05:57 AM,495,-5.313,4.818,-3.496
10/12/2018 9:05:58 AM,496,-5.313,4.818,-3.496
10/12/2018 9:05:59 AM,497,-5.313,4.818,-3.495
10/12/2018 9:06:00 AM,498,-5.313,4.818,-3.494
10/12/2018 9:06:01 AM,499,-5.313,4.818,-3.493
10/12/2018 9:06:02 AM,500,-5.313,4.818,-3.493
10/12/2018 9:06:02 AM,501,-5.313,4.818,-3.492
10/12/2018 9:06:04 AM,502,-5.313,4.818,-3.491
10/12/2018 9:06:05 AM,503,-5.313,4.818,-3.490
10/12/2018 9:06:06 AM,504,-5.313,4.818,-3.490
10/12/2018 9:06:07 AM,505,-5.313,4.818,-3.489
10/12/2018 9:06:08 AM,506,-5.313,4.818,-3.488
10/12/2018 9:06:09 AM,507,-5.313,4.818,-3.488
10/12/2018 9:06:10 AM,508,-5.313,4.818,-3.487
10/12/2018 9:06:11 AM,509,-5.313,4.818,-3.486
10/12/2018 9:06:11 AM,510,-5.313,4.818,-3.485
10/12/2018 9:06:13 AM,511,-5.313,4.818,-3.485
10/12/2018 9:06:14 AM,512,-5.313,4.818,-3.484
10/12/2018 9:06:15 AM,513,-5.313,4.818,-3.483
10/12/2018 9:06:16 AM,514,-5.313,4.818,-3.483
10/12/2018 9:06:17 AM,515,-5.313,4.818,-3.482
10/12/2018 9:06:18 AM,516,-5.313,4.818,-3.481
10/12/2018 9:06:19 AM,517,-5.313,4.818,-3.481
10/12/2018 9:06:20 AM,518,-5.313,4.818,-3.480
10/12/2018 9:06:21 AM,519,-5.313,4.818,-3.479
10/12/2018 9:06:22 AM,520,-5.313,4.818,-3.478
10/12/2018 9:06:23 AM,521,-5.313,4.818,-3.478
10/12/2018 9:06:24 AM,522,-5.313,4.818,-3.477
10/12/2018 9:06:25 AM,523,-5.313,4.818,-3.476
10/12/2018 9:06:26 AM,524,-5.313,4.818,-3.476
10/12/2018 9:06:27 AM,525,-5.313,4.818,-3.475
10/12/2018 9:06:28 AM,526,-5.313,4.818,-3.474
10/12/2018 9:06:28 AM,527,-5.313,4.818,-3.474
10/12/2018 9:06:30 AM,528,-5.313,4.818,-3.473
10/12/2018 9:06:31 AM,529,-5.313,4.818,-3.473
10/12/2018 9:06:31 AM,530,-5.313,4.818,-3.472
10/12/2018 9:06:33 AM,531,-5.313,4.818,-3.471
10/12/2018 9:06:34 AM,532,-5.313,4.818,-3.471
10/12/2018 9:06:35 AM,533,-5.313,4.818,-3.470
10/12/2018 9:06:36 AM,534,-5.313,4.818,-3.469
10/12/2018 9:06:37 AM,535,-5.313,4.818,-3.469
10/12/2018 9:06:38 AM,536,-5.313,4.818,-3.468
10/12/2018 9:06:38 AM,537,-5.313,4.818,-3.467
10/12/2018 9:06:40 AM,538,-5.313,4.818,-3.467
10/12/2018 9:06:41 AM,539,-5.313,4.818,-3.466
10/12/2018 9:06:42 AM,540,-5.313,4.818,-3.466
10/12/2018 9:06:42 AM,541,-5.313,4.818,-3.465
10/12/2018 9:06:44 AM,542,-5.313,4.818,-3.464
10/12/2018 9:06:45 AM,543,-5.313,4.818,-3.464
10/12/2018 9:06:46 AM,544,-5.313,4.818,-3.463
10/12/2018 9:06:47 AM,545,-5.313,4.818,-3.463
10/12/2018 9:06:48 AM,546,-5.313,4.818,-3.462
10/12/2018 9:06:49 AM,547,-5.313,4.818,-3.461
10/12/2018 9:06:50 AM,548,-5.313,4.818,-3.461
10/12/2018 9:06:51 AM,549,-5.313,4.818,-3.460
10/12/2018 9:06:52 AM,550,-5.313,4.818,-3.459
10/12/2018 9:06:53 AM,551,-5.313,4.818,-3.459
10/12/2018 9:06:54 AM,552,-5.313,4.818,-3.458
10/12/2018 9:06:54 AM,553,-5.313,4.818,-3.458
10/12/2018 9:06:56 AM,554,-5.313,4.818,-3.457
10/12/2018 9:06:56 AM,555,-5.313,4.818,-3.456
10/12/2018 9:06:58 AM,556,-5.313,4.818,-3.456
10/12/2018 9:06:59 AM,557,-5.313,4.818,-3.455
10/12/2018 9:07:00 AM,558,-5.313,4.818,-3.455
10/12/2018 9:07:01 AM,559,-5.313,4.818,-3.454
10/12/2018 9:07:02 AM,560,-5.313,4.818,-3.453
10/12/2018 9:07:03 AM,561,-5.313,4.818,-3.453
10/12/2018 9:07:04 AM,562,-5.313,4.818,-3.452
10/12/2018 9:07:05 AM,563,-5.313,4.818,-3.452
10/12/2018 9:07:06 AM,564,-5.313,4.818,-3.451
10/12/2018 9:07:07 AM,565,-5.313,4.818,-3.450
10/12/2018 9:07:08 AM,566,-5.313,4.818,-3.450
10/12/2018 9:07:09 AM,567,-5.313,4.818,-3.449
10/12/2018 9:07:10 AM,568,-5.313,4.818,-3.449
10/12/2018 9:07:11 AM,569,-5.313,4.818,-3.448
10/12/2018 9:07:12 AM,570,-5.313,4.818,-3.447
10/12/2018 9:07:13 AM,571,-5.313,4.818,-3.447
10/12/2018 9:07:14 AM,572,-5.313,4.818,-3.446
10/12/2018 9:07:15 AM,573,-5.313,4.818,-3.446
10/12/2018 9:07:16 AM,574,-5.313,4.818,-3.445
10/12/2018 9:07:16 AM,575,-5.313,4.818,-3.444
10/12/2018 9:07:17 AM,576,-5.313,4.818,-3.444
10/12/2018 9:07:19 AM,577,-5.313,4.818,-3.443
10/12/2018 9:07:20 AM,578,-5.313,4.818,-3.442
10/12/2018 9:07:21 AM,579,-5.313,4.818,-3.442
10/12/2018 9:07:22 AM,580,-5.313,4.818,-3.441
10/12/2018 9:07:23 AM,581,-5.313,4.818,-3.441
10/12/2018 9:07:24 AM,582,-5.313,4.818,-3.440
10/12/2018 9:07:24 AM,583,-5.313,4.818,-3.439
10/12/2018 9:07:26 AM,584,-5.313,4.818,-3.439
10/12/2018 9:07:27 AM,585,-5.313,4.818,-3.438
10/12/2018 9:07:28 AM,586,-5.313,4.818,-3.438
10/12/2018 9:07:29 AM,587,-5.313,4.818,-3.437
10/12/2018 9:07:30 AM,588,-5.313,4.818,-3.436
10/12/2018 9:07:31 AM,589,-5.313,4.818,-3.436
10/12/2018 9:07:32 AM,590,-5.313,4.818,-3.435
10/12/2018 9:07:33 AM,591,-5.313,4.818,-3.434
10/12/2018 9:07:34 AM,592,-5.313,4.818,-3.434
10/12/2018 9:07:35 AM,593,-5.313,4.818,-3.433
10/12/2018 9:07:35 AM,594,-5.313,4.818,-3.433
10/12/2018 9:07:37 AM,595,-5.313,4.818,-3.432
10/12/2018 9:07:38 AM,596,-5.313,4.818,-3.431
10/12/2018 9:07:39 AM,597,-5.313,4.818,-3.431
10/12/2018 9:07:40 AM,598,-5.313,4.818,-3.430
10/12/2018 9:07:41 AM,599,-5.313,4.818,-3.429
10/12/2018 9:07:42 AM,600,-5.313,4.818,-3.429
10/12/2018 9:07:43 AM,601,-5.313,4.818,-3.428
10/12/2018 9:07:44 AM,602,-5.313,4.818,-3.427
10/12/2018 9:07:45 AM,603,-5.313,4.818,-3.427
10/12/2018 9:07:46 AM,604,-5.313,4.818,-3.426
10/12/2018 9:07:47 AM,605,-5.313,4.818,-3.426
10/12/2018 9:07:48 AM,606,-5.313,4.818,-3.425
10/12/2018 9:07:49 AM,607,-5.313,4.818,-3.424
10/12/2018 9:07:50 AM,608,-5.313,4.818,-3.424
10/12/2018 9:07:51 AM,609,-5.313,4.818,-3.423
10/12/2018 9:07:52 AM,610,-5.313,4.818,-3.422
10/12/2018 9:07:53 AM,611,-5.313,4.818,-3.422
10/12/2018 9:07:54 AM,612,-5.313,4.818,-3.421
10/12/2018 9:07:55 AM,613,-5.313,4.818,-3.420
10/12/2018 9:07:56 AM,614,-5.313,4.818,-3.419
10/12/2018 9:07:57 AM,615,-5.313,4.818,-3.419
10/12/2018 9:07:58 AM,616,-5.313,4.818,-3.417
10/12/2018 9:07:59 AM,617,-5.313,4.818,-3.416
10/12/2018 9:08:00 AM,618,-5.313,4.818,-3.414
10/12/2018 9:08:01 AM,619,-5.313,4.818,-3.412
10/12/2018 9:08:02 AM,620,-5.313,4.818,-3.412
10/12/2018 9:08:03 AM,621,-5.313,4.818,-3.411
10/12/2018 9:08:03 AM,622,-5.313,4.818,-3.411
10/12/2018 9:08:04 AM,623,-5.313,4.818,-3.411
10/12/2018 9:08:06 AM,624,-5.313,4.818,-3.411
10/12/2018 9:08:07 AM,625,-5.313,4.818,-3.411
10/12/2018 9:08:08 AM,626,-5.313,4.818,-3.411
10/12/2018 9:08:09 AM,627,-5.313,4.818,-3.411
10/12/2018 9:08:10 AM,628,-5.313,4.818,-3.411
10/12/2018 9:08:11 AM,629,-5.313,4.818,-3.410
10/12/2018 9:08:12 AM,630,-5.313,4.818,-3.410
10/12/2018 9:08:13 AM,631,-5.313,4.818,-3.410
10/12/2018 9:08:14 AM,632,-5.313,4.818,-3.410
10/12/2018 9:08:15 AM,633,-5.313,4.818,-3.410
10/12/2018 9:08:16 AM,634,-5.313,4.818,-3.410
10/12/2018 9:08:17 AM,635,-5.313,4.818,-3.410
10/12/2018 9:08:18 AM,636,-5.313,4.818,-3.409
10/12/2018 9:08:19 AM,637,-5.313,4.818,-3.409
10/12/2018 9:08:19 AM,638,-5.313,4.818,-3.409
10/12/2018 9:08:21 AM,639,-5.313,4.818,-3.409
10/12/2018 9:08:22 AM,640,-5.313,4.818,-3.409
10/12/2018 9:08:23 AM,641,-5.313,4.818,-3.408
10/12/2018 9:08:24 AM,642,-5.313,4.818,-3.408
10/12/2018 9:08:25 AM,643,-5.313,4.818,-3.408
10/12/2018 9:08:26 AM,644,-5.313,4.818,-3.408
10/12/2018 9:08:27 AM,645,-5.313,4.818,-3.407
10/12/2018 9:08:28 AM,646,-5.313,4.818,-3.407
10/12/2018 9:08:29 AM,647,-5.313,4.818,-3.407
10/12/2018 9:08:30 AM,648,-5.313,4.818,-3.406
10/12/2018 9:08:31 AM,649,-5.313,4.818,-3.406
10/12/2018 9:08:32 AM,650,-5.313,4.818,-3.406
10/12/2018 9:08:33 AM,651,-5.313,4.818,-3.406
10/12/2018 9:08:34 AM,652,-5.313,4.818,-3.405
10/12/2018 9:08:35 AM,653,-5.313,4.818,-3.405
10/12/2018 9:08:36 AM,654,-5.313,4.818,-3.405
10/12/2018 9:08:37 AM,655,-5.313,4.818,-3.404
10/12/2018 9:08:37 AM,656,-5.313,4.818,-3.404
10/12/2018 9:08:39 AM,657,-5.313,4.818,-3.404
10/12/2018 9:08:40 AM,658,-5.313,4.818,-3.403
10/12/2018 9:08:41 AM,659,-5.313,4.818,-3.403
10/12/2018 9:08:42 AM,660,-5.313,4.818,-3.403
10/12/2018 9:08:43 AM,661,-5.313,4.818,-3.402
10/12/2018 9:08:44 AM,662,-5.313,4.818,-3.402
10/12/2018 9:08:45 AM,663,-5.313,4.818,-3.401
10/12/2018 9:08:46 AM,664,-5.313,4.818,-3.401
10/12/2018 9:08:47 AM,665,-5.313,4.818,-3.401
10/12/2018 9:08:48 AM,666,-5.313,4.818,-3.400
10/12/2018 9:08:49 AM,667,-5.313,4.818,-3.400
10/12/2018 9:08:49 AM,668,-5.313,4.818,-3.399
10/12/2018 9:08:51 AM,669,-5.313,4.818,-3.399
10/12/2018 9:08:52 AM,670,-5.313,4.818,-3.399
10/12/2018 9:08:53 AM,671,-5.313,4.818,-3.398
10/12/2018 9:08:54 AM,672,-5.313,4.818,-3.398
10/12/2018 9:08:55 AM,673,-5.313,4.818,-3.397
10/12/2018 9:08:56 AM,674,-5.313,4.818,-3.397
10/12/2018 9:08:56 AM,675,-5.313,4.818,-3.396
10/12/2018 9:08:58 AM,676,-5.313,4.818,-3.396
10/12/2018 9:08:59 AM,677,-5.313,4.818,-3.396
10/12/2018 9:09:00 AM,678,-5.313,4.818,-3.395
10/12/2018 9:09:01 AM,679,-5.313,4.818,-3.395
10/12/2018 9:09:02 AM,680,-5.313,4.818,-3.394
10/12/2018 9:09:03 AM,681,-5.313,4.818,-3.394
10/12/2018 9:09:04 AM,682,-5.313,4.818,-3.393
10/12/2018 9:09:05 AM,683,-5.313,4.818,-3.393
10/12/2018 9:09:05 AM,684,-5.313,4.818,-3.392
10/12/2018 9:09:07 AM,685,-5.313,4.818,-3.392
10/12/2018 9:09:08 AM,686,-5.313,4.818,-3.391
10/12/2018 9:09:09 AM,687,-5.313,4.818,-3.391
10/12/2018 9:09:10 AM,688,-5.313,4.818,-3.390
10/12/2018 9:09:11 AM,689,-5.313,4.818,-3.390
10/12/2018 9:09:12 AM,690,-5.313,4.818,-3.389
10/12/2018 9:09:13 AM,691,-5.313,4.818,-3.388
10/12/2018 9:09:14 AM,692,-5.313,4.818,-3.388
10/12/2018 9:09:15 AM,693,-5.313,4.818,-3.387
10/12/2018 9:09:16 AM,694,-5.313,4.818,-3.387
10/12/2018 9:09:17 AM,695,-5.313,4.818,-3.386
10/12/2018 9:09:18 AM,696,-5.313,4.818,-3.386
10/12/2018 9:09:19 AM,697,-5.313,4.818,-3.385
10/12/2018 9:09:20 AM,698,-5.313,4.818,-3.384
10/12/2018 9:09:21 AM,699,-5.313,4.818,-3.384
10/12/2018 9:09:22 AM,700,-5.313,4.818,-3.383
10/12/2018 9:09:23 AM,701,-5.313,4.818,-3.383
10/12/2018 9:09:24 AM,702,-5.313,4.818,-3.382
10/12/2018 9:09:25 AM,703,-5.313,4.818,-3.381
10/12/2018 9:09:26 AM,704,-5.313,4.818,-3.381
10/12/2018 9:09:26 AM,705,-5.313,4.818,-3.380
10/12/2018 9:09:28 AM,706,-5.313,4.818,-3.380
10/12/2018 9:09:29 AM,707,-5.313,4.818,-3.379
10/12/2018 9:09:30 AM,708,-5.313,4.818,-3.378
10/12/2018 9:09:31 AM,709,-5.313,4.818,-3.378
10/12/2018 9:09:32 AM,710,-5.313,4.818,-3.377
10/12/2018 9:09:33 AM,711,-5.313,4.818,-3.376
10/12/2018 9:09:33 AM,712,-5.313,4.818,-3.376
10/12/2018 9:09:35 AM,713,-5.313,4.818,-3.375
10/12/2018 9:09:36 AM,714,-5.313,4.818,-3.374
10/12/2018 9:09:37 AM,715,-5.313,4.818,-3.373
10/12/2018 9:09:38 AM,716,-5.313,4.818,-3.373
10/12/2018 9:09:39 AM,717,-5.313,4.818,-3.372
10/12/2018 9:09:40 AM,718,-5.313,4.818,-3.371
10/12/2018 9:09:41 AM,719,-5.313,4.818,-3.371
10/12/2018 9:09:42 AM,720,-5.313,4.818,-3.370
10/12/2018 9:09:43 AM,721,-5.313,4.818,-3.369
10/12/2018 9:09:44 AM,722,-5.313,4.818,-3.368
10/12/2018 9:09:44 AM,723,-5.313,4.818,-3.368
10/12/2018 9:09:46 AM,724,-5.313,4.818,-3.367
10/12/2018 9:09:47 AM,725,-5.313,4.818,-3.366
10/12/2018 9:09:48 AM,726,-5.313,4.818,-3.365
10/12/2018 9:09:49 AM,727,-5.313,4.818,-3.364
10/12/2018 9:09:50 AM,728,-5.313,4.818,-3.364
10/12/2018 9:09:50 AM,729,-5.313,4.818,-3.363
10/12/2018 9:09:52 AM,730,-5.313,4.818,-3.362
10/12/2018 9:09:53 AM,731,-5.313,4.818,-3.361
10/12/2018 9:09:54 AM,732,-5.313,4.818,-3.360
10/12/2018 9:09:54 AM,733,-5.313,4.818,-3.360
10/12/2018 9:09:56 AM,734,-5.313,4.818,-3.359
10/12/2018 9:09:57 AM,735,-5.313,4.818,-3.358
10/12/2018 9:09:58 AM,736,-5.313,4.818,-3.357
10/12/2018 9:09:59 AM,737,-5.313,4.818,-3.356
10/12/2018 9:10:00 AM,738,-5.313,4.818,-3.355
10/12/2018 9:10:01 AM,739,-5.313,4.818,-3.355
10/12/2018 9:10:02 AM,740,-5.313,4.818,-3.354
10/12/2018 9:10:03 AM,741,-5.313,4.818,-3.353
10/12/2018 9:10:03 AM,742,-5.313,4.818,-3.352
10/12/2018 9:10:05 AM,743,-5.313,4.818,-3.351
10/12/2018 9:10:06 AM,744,-5.313,4.818,-3.350
10/12/2018 9:10:07 AM,745,-5.313,4.818,-3.349
10/12/2018 9:32:28 AM,0,0.000,0.000,NaN
10/12/2018 9:32:29 AM,1,-141.782,-141.782,-141.782
10/12/2018 9:32:30 AM,2,-141.782,-141.782,-141.782
10/12/2018 9:32:31 AM,3,-141.782,-141.782,-141.782
10/12/2018 9:32:32 AM,4,-141.782,-141.782,-141.782
10/12/2018 9:32:46 AM,0,0.000,0.000,NaN
10/12/2018 9:32:47 AM,1,-141.782,-141.782,-141.782
10/12/2018 9:32:48 AM,2,-141.782,-141.782,-141.782
10/12/2018 9:32:49 AM,3,-141.782,-141.782,-141.782
10/12/2018 9:32:50 AM,4,-141.782,-141.782,-141.782
10/12/2018 9:32:51 AM,5,-141.782,-141.782,-141.782
10/12/2018 9:32:52 AM,6,-141.782,-141.782,-141.782
10/12/2018 9:32:53 AM,7,-141.782,-141.782,-141.782
10/12/2018 9:32:54 AM,0,0.000,0.000,NaN
10/12/2018 9:32:55 AM,1,-141.782,-141.782,-141.782
10/12/2018 9:32:56 AM,2,-141.782,-141.782,-141.782
10/12/2018 9:32:57 AM,3,-141.782,-141.782,-141.782
10/12/2018 9:37:19 AM,0,0.000,0.000,NaN
10/12/2018 9:37:20 AM,1,-141.782,-141.782,-141.782
10/12/2018 9:37:21 AM,2,-141.782,-141.782,-141.782
10/12/2018 9:37:22 AM,3,-141.782,-141.782,-141.782
10/12/2018 9:37:23 AM,4,-141.782,-141.782,-141.782
10/12/2018 9:37:24 AM,5,-141.782,-141.782,-141.782
10/12/2018 9:37:25 AM,6,-141.782,-141.782,-141.782
10/12/2018 9:37:26 AM,7,-141.782,-141.782,-141.782
10/12/2018 9:37:27 AM,8,-141.782,-141.782,-141.782
10/12/2018 9:37:28 AM,9,-141.782,-141.782,-141.782
10/12/2018 9:37:29 AM,10,-141.782,-141.782,-141.782
10/12/2018 9:37:30 AM,11,-141.782,-141.782,-141.782
10/12/2018 9:37:31 AM,12,-141.782,-141.782,-141.782
10/12/2018 9:37:32 AM,13,-141.782,-141.782,-141.782
10/12/2018 9:37:33 AM,14,-141.782,-141.782,-141.782
10/12/2018 9:37:45 AM,0,0.000,0.000,NaN
10/12/2018 9:37:46 AM,1,-141.782,-141.782,-141.782
10/12/2018 9:37:47 AM,2,-141.782,-141.782,-141.782
10/12/2018 9:37:48 AM,3,-141.782,-141.782,-141.782
10/12/2018 9:37:49 AM,4,-141.782,-141.782,-141.782
10/12/2018 9:37:50 AM,5,-141.782,-141.782,-141.782
10/12/2018 9:37:51 AM,0,0.000,0.000,NaN
10/12/2018 9:37:52 AM,1,-141.782,-141.782,-141.782
10/12/2018 9:37:53 AM,2,-141.782,-141.782,-141.782
10/12/2018 9:37:54 AM,3,-141.782,-141.782,-141.782
10/12/2018 9:37:55 AM,4,-141.782,-141.782,-141.782
10/12/2018 9:37:56 AM,5,-141.782,-141.782,-141.782
10/12/2018 9:37:57 AM,6,-141.782,-141.782,-141.782
10/12/2018 9:37:59 AM,0,0.000,0.000,NaN
10/12/2018 9:38:00 AM,1,-141.782,-141.782,-141.782
10/12/2018 9:38:01 AM,2,-141.782,-141.782,-141.782
10/12/2018 9:38:02 AM,3,-141.782,-141.782,-141.782
10/12/2018 9:38:03 AM,4,-141.782,-141.782,-141.782
10/12/2018 9:38:04 AM,5,-141.782,-141.782,-141.782
10/12/2018 9:38:07 AM,0,0.000,0.000,NaN
10/12/2018 9:38:08 AM,1,-141.782,-141.782,-141.782
10/12/2018 9:38:09 AM,2,-141.782,-141.782,-141.782
10/12/2018 9:38:10 AM,3,-141.782,-141.782,-141.782
10/12/2018 9:38:11 AM,4,-141.782,-141.782,-141.782
10/12/2018 9:42:04 AM,0,0.000,0.000,NaN
10/12/2018 9:42:05 AM,1,-141.782,-141.782,-141.782
10/12/2018 9:42:06 AM,2,-141.782,-141.782,-141.782
10/12/2018 9:42:07 AM,3,-141.782,-141.782,-141.782
10/12/2018 9:42:08 AM,4,-141.782,-141.782,-141.782
10/12/2018 9:42:09 AM,5,-141.782,-141.782,-141.782
10/12/2018 9:42:10 AM,6,-141.782,-141.782,-141.782
10/12/2018 9:42:11 AM,7,-141.782,-141.782,-141.782
10/12/2018 9:42:12 AM,8,-141.782,-141.782,-141.782
10/12/2018 9:42:13 AM,9,-141.782,-141.782,-141.782
10/12/2018 9:42:14 AM,10,-141.782,-141.782,-141.782
10/12/2018 9:48:48 AM,0,0.000,0.000,NaN
10/12/2018 9:48:49 AM,1,-141.782,-141.782,-141.782
10/12/2018 9:48:50 AM,2,-141.782,-141.782,-141.782
10/12/2018 9:48:51 AM,3,-141.782,-141.782,-141.782
10/12/2018 9:48:52 AM,4,-141.782,-141.782,-141.782
10/12/2018 11:17:42 AM,0,0.000,0.000,NaN
10/12/2018 11:17:54 AM,0,0.000,0.000,NaN
10/12/2018 11:17:55 AM,1,-141.782,-141.782,-141.782
10/12/2018 11:17:56 AM,2,-141.782,-141.782,-141.782
10/12/2018 11:17:57 AM,3,-141.782,-141.782,-141.782
10/12/2018 11:23:24 AM,0,0.000,0.000,NaN
10/12/2018 11:27:16 AM,0,0.000,0.000,NaN
10/12/2018 11:27:17 AM,1,-141.782,-141.782,-141.782
10/12/2018 11:27:18 AM,2,-141.782,-141.782,-141.782
10/12/2018 11:29:19 AM,0,0.000,0.000,NaN
10/12/2018 11:29:20 AM,1,-141.782,-141.782,-141.782
10/12/2018 11:29:21 AM,2,-141.782,-141.782,-141.782
10/12/2018 11:29:22 AM,3,-141.782,-141.782,-141.782
10/12/2018 11:29:23 AM,4,-141.782,-141.782,-141.782
10/12/2018 11:29:24 AM,5,-141.782,-141.782,-141.782
10/12/2018 11:29:27 AM,0,0.000,0.000,NaN
10/12/2018 11:29:28 AM,1,-141.782,-141.782,-141.782
10/12/2018 11:29:29 AM,2,-141.782,-141.782,-141.782
10/12/2018 11:29:30 AM,3,-141.782,-141.782,-141.782
10/12/2018 11:30:34 AM,0,0.000,0.000,NaN
10/12/2018 11:30:35 AM,1,-141.782,-141.782,-141.782
10/12/2018 11:30:36 AM,2,-141.782,-141.782,-141.782
10/12/2018 11:30:37 AM,3,-141.782,-141.782,-141.782
10/12/2018 11:30:38 AM,4,-141.782,-141.782,-141.782
10/12/2018 11:35:03 AM,0,0.000,0.000,NaN
10/12/2018 11:35:04 AM,1,-141.782,-141.782,-141.782
10/12/2018 11:35:05 AM,2,-141.782,-141.782,-141.782
10/12/2018 11:35:06 AM,3,-141.782,-141.782,-141.782
10/12/2018 11:35:07 AM,4,-141.782,-141.782,-141.782
10/12/2018 11:41:48 AM,0,0.000,0.000,NaN
10/12/2018 11:41:49 AM,1,-141.782,-141.782,-141.782
10/12/2018 11:41:50 AM,2,-141.782,-141.782,-141.782
10/12/2018 11:45:27 AM,0,0.000,0.000,NaN
10/12/2018 11:45:28 AM,1,-141.782,-141.782,-141.782
10/12/2018 11:45:29 AM,2,-141.782,-141.782,-141.782
10/12/2018 11:45:30 AM,3,-141.782,-141.782,-141.782
10/12/2018 11:45:31 AM,4,-141.782,-141.782,-141.782
10/12/2018 11:45:32 AM,5,-141.782,-141.782,-141.782
10/12/2018 11:45:33 AM,6,-141.782,-141.782,-141.782
10/12/2018 11:45:34 AM,7,-141.782,-141.782,-141.782
10/12/2018 11:45:35 AM,8,-141.782,-141.782,-141.782
10/12/2018 11:45:36 AM,9,-141.782,-141.782,-141.782
10/12/2018 11:45:37 AM,10,-141.782,-141.782,-141.782
10/12/2018 11:46:53 AM,0,0.000,0.000,NaN
10/12/2018 11:47:10 AM,0,0.000,0.000,NaN
10/12/2018 11:47:11 AM,1,-141.782,-141.782,-141.782
10/12/2018 11:47:15 AM,0,0.000,0.000,NaN
10/12/2018 11:47:16 AM,1,-141.782,-141.782,-141.782
10/12/2018 11:47:18 AM,0,0.000,0.000,NaN
10/12/2018 11:47:19 AM,1,-141.782,-141.782,-141.782
10/12/2018 11:47:38 AM,0,0.000,0.000,NaN
10/12/2018 11:47:39 AM,1,-141.782,-141.782,-141.782
10/12/2018 11:47:40 AM,2,-141.782,-141.782,-141.782
10/12/2018 11:47:43 AM,0,0.000,0.000,NaN
10/12/2018 11:47:44 AM,1,-141.782,-141.782,-141.782
10/12/2018 11:47:59 AM,0,0.000,0.000,NaN
10/12/2018 11:48:00 AM,1,-141.782,-141.782,-141.782
10/12/2018 11:48:01 AM,2,-141.782,-141.782,-141.782
10/12/2018 11:48:02 AM,3,-141.782,-141.782,-141.782
10/12/2018 11:48:03 AM,4,-141.782,-141.782,-141.782
10/12/2018 11:48:04 AM,5,-141.782,-141.782,-141.782
10/12/2018 11:48:05 AM,6,-141.782,-141.782,-141.782
10/12/2018 11:48:06 AM,7,-141.782,-141.782,-141.782
10/12/2018 11:48:07 AM,8,-141.782,-141.782,-141.782
10/12/2018 11:48:08 AM,9,-141.782,-141.782,-141.782
10/12/2018 11:48:09 AM,10,-141.782,-141.782,-141.782
10/12/2018 11:48:10 AM,11,-141.782,-141.782,-141.782
10/12/2018 11:48:11 AM,12,-141.782,-141.782,-141.782
10/12/2018 11:48:12 AM,13,-141.782,-141.782,-141.782
10/12/2018 11:48:13 AM,14,-141.782,-141.782,-141.782
10/12/2018 11:48:14 AM,15,-141.782,-141.782,-141.782
10/12/2018 11:48:15 AM,16,-141.782,-141.782,-141.782
10/12/2018 11:48:16 AM,17,-141.782,-141.782,-141.782
10/12/2018 11:48:17 AM,18,-141.782,-141.782,-141.782
10/12/2018 11:48:18 AM,19,-141.782,-141.782,-141.782
10/12/2018 11:48:19 AM,20,-141.782,-141.782,-141.782
10/12/2018 11:48:20 AM,21,-141.782,-141.782,-141.782
10/12/2018 11:48:21 AM,22,-141.782,-141.782,-141.782
10/12/2018 12:24:41 PM,0,0.000,0.000,NaN
10/12/2018 12:24:42 PM,1,-141.782,-141.782,-141.782
10/12/2018 12:24:44 PM,0,0.000,0.000,NaN
10/12/2018 12:24:45 PM,1,-141.782,-141.782,-141.782
10/12/2018 12:24:46 PM,2,-141.782,-141.782,-141.782
10/12/2018 12:24:47 PM,3,-141.782,-141.782,-141.782
10/12/2018 12:24:48 PM,4,-141.782,-141.782,-141.782
10/12/2018 12:24:49 PM,5,-141.782,-141.782,-141.782
10/12/2018 12:24:50 PM,6,-141.782,-141.782,-141.782
10/12/2018 12:24:51 PM,7,-141.782,-141.782,-141.782
10/12/2018 12:24:52 PM,8,-141.782,-141.782,-141.782
10/12/2018 12:24:53 PM,9,-141.782,-141.782,-141.782
10/12/2018 12:24:54 PM,10,-141.782,-141.782,-141.782
10/12/2018 12:24:55 PM,11,-141.782,-141.782,-141.782
10/12/2018 12:24:56 PM,12,-141.782,-141.782,-141.782
10/12/2018 12:24:57 PM,13,-141.782,-141.782,-141.782
10/12/2018 12:25:33 PM,0,0.000,0.000,NaN
10/12/2018 12:25:34 PM,1,-141.782,-141.782,-141.782
10/12/2018 12:25:35 PM,2,-141.782,-141.782,-141.782
10/12/2018 12:25:39 PM,0,0.000,0.000,NaN
10/12/2018 12:25:40 PM,1,-141.782,-141.782,-141.782
10/12/2018 12:25:41 PM,2,-141.782,-141.782,-141.782
10/12/2018 12:25:42 PM,3,-141.782,-141.782,-141.782
10/12/2018 12:25:43 PM,4,-141.782,-141.782,-141.782
10/12/2018 12:25:44 PM,5,-141.782,-141.782,-141.782
10/12/2018 12:25:45 PM,6,-141.782,-141.782,-141.782
10/12/2018 12:25:46 PM,7,-141.782,-141.782,-141.782
10/12/2018 12:25:47 PM,8,-141.782,-141.782,-141.782
10/12/2018 12:25:48 PM,9,-141.782,-141.782,-141.782
10/12/2018 12:25:49 PM,10,-141.782,-141.782,-141.782
10/12/2018 12:25:50 PM,11,-141.782,-141.782,-141.782
10/12/2018 12:25:51 PM,12,-141.782,-141.782,-141.782
10/12/2018 12:29:37 PM,0,0.000,0.000,NaN
10/12/2018 12:29:38 PM,1,-141.782,-141.782,-141.782
10/12/2018 12:29:39 PM,2,-141.782,-141.782,-141.782
10/12/2018 12:29:40 PM,3,-141.782,-141.782,-141.782
10/12/2018 12:29:41 PM,4,-141.782,-141.782,-141.782
10/12/2018 12:37:13 PM,0,0.000,0.000,NaN
10/12/2018 12:37:14 PM,1,-145.352,-145.352,-145.352
10/12/2018 12:37:29 PM,0,0.000,0.000,NaN
10/12/2018 12:37:30 PM,1,-145.352,-145.352,-145.352
10/12/2018 12:37:31 PM,2,-145.352,-143.898,-144.625
10/12/2018 12:37:52 PM,0,0.000,0.000,NaN
10/12/2018 12:37:53 PM,1,-145.352,-145.352,-145.352
10/12/2018 12:37:54 PM,2,-145.352,-143.898,-144.625
10/12/2018 12:37:55 PM,3,-145.352,-142.444,-143.898
10/12/2018 12:37:56 PM,4,-145.352,-140.989,-143.171
10/12/2018 12:37:57 PM,5,-145.352,-139.535,-142.444
10/12/2018 12:37:58 PM,6,-145.352,-138.082,-141.717
10/12/2018 12:38:07 PM,0,0.000,0.000,NaN
10/12/2018 12:38:08 PM,1,-145.352,-145.352,-145.352
10/12/2018 12:38:09 PM,2,-145.352,-143.898,-144.625
10/12/2018 12:38:10 PM,3,-145.352,-142.444,-143.898
10/12/2018 12:39:21 PM,0,0.000,0.000,NaN
10/12/2018 12:39:22 PM,1,-145.352,-145.352,-145.352
10/12/2018 12:39:23 PM,2,-145.352,-143.898,-144.625
10/12/2018 12:39:24 PM,3,-145.352,-142.444,-143.898
10/12/2018 12:40:17 PM,0,0.000,0.000,NaN
10/12/2018 12:40:18 PM,1,-145.352,-145.352,-145.352
10/12/2018 12:40:19 PM,2,-145.352,-143.898,-144.625
10/12/2018 12:51:36 PM,0,0.000,0.000,NaN
10/12/2018 12:51:36 PM,1,-145.352,-145.352,-145.352
10/12/2018 12:51:37 PM,2,-145.352,-143.898,-144.625
10/12/2018 12:51:38 PM,3,-145.352,-142.444,-143.898
10/12/2018 12:51:39 PM,4,-145.352,-140.989,-143.171
10/12/2018 12:51:40 PM,5,-145.352,-139.535,-142.444
10/12/2018 12:51:41 PM,6,-145.352,-138.082,-141.717
10/12/2018 12:51:42 PM,7,-145.352,-136.628,-140.990
10/12/2018 12:51:43 PM,8,-145.352,-135.175,-140.263
10/12/2018 12:51:44 PM,9,-145.352,-133.722,-139.536
